"","model_label","Model_Code","refLabel","refPercent","BpS_Name","Var1","Var2","Freq","BPS_CODE","ZONE","total_count","currentPercent"
"1","13022_41_50_51_A","13022_41_50_51","A",2,"Laurentian-Acadian Northern Hardwoods Forest - Hemlock",1614,1,188,13022,51,4477351,0
"2","13022_41_50_51_A","13022_41_50_51","A",2,"Laurentian-Acadian Northern Hardwoods Forest - Hemlock",1615,1,65,13022,51,2009698,0
"3","13022_41_50_51_B","13022_41_50_51","B",4,"Laurentian-Acadian Northern Hardwoods Forest - Hemlock",1561,2,156,13022,50,31136,0
"4","13022_41_50_51_B","13022_41_50_51","B",4,"Laurentian-Acadian Northern Hardwoods Forest - Hemlock",1562,2,54,13022,50,2425,2
"5","13022_41_50_51_B","13022_41_50_51","B",4,"Laurentian-Acadian Northern Hardwoods Forest - Hemlock",1614,2,47305,13022,51,4477351,1
"6","13022_41_50_51_B","13022_41_50_51","B",4,"Laurentian-Acadian Northern Hardwoods Forest - Hemlock",1615,2,33749,13022,51,2009698,1
"7","13022_41_50_51_C","13022_41_50_51","C",14,"Laurentian-Acadian Northern Hardwoods Forest - Hemlock",1561,3,3328,13022,50,31136,10
"8","13022_41_50_51_C","13022_41_50_51","C",14,"Laurentian-Acadian Northern Hardwoods Forest - Hemlock",1562,3,66,13022,50,2425,2
"9","13022_41_50_51_C","13022_41_50_51","C",14,"Laurentian-Acadian Northern Hardwoods Forest - Hemlock",1614,3,979978,13022,51,4477351,21
"10","13022_41_50_51_C","13022_41_50_51","C",14,"Laurentian-Acadian Northern Hardwoods Forest - Hemlock",1615,3,461373,13022,51,2009698,22
"11","13022_41_50_51_D","13022_41_50_51","D",76,"Laurentian-Acadian Northern Hardwoods Forest - Hemlock",NA,NA,NA,NA,NA,NA,NA
"12","13022_41_50_51_E","13022_41_50_51","E",4,"Laurentian-Acadian Northern Hardwoods Forest - Hemlock",1561,5,15586,13022,50,31136,50
"13","13022_41_50_51_E","13022_41_50_51","E",4,"Laurentian-Acadian Northern Hardwoods Forest - Hemlock",1562,5,385,13022,50,2425,15
"14","13022_41_50_51_E","13022_41_50_51","E",4,"Laurentian-Acadian Northern Hardwoods Forest - Hemlock",1614,5,2238748,13022,51,4477351,50
"15","13022_41_50_51_E","13022_41_50_51","E",4,"Laurentian-Acadian Northern Hardwoods Forest - Hemlock",1615,5,933111,13022,51,2009698,46
"16","13022_41_50_51_Agriculture","13022_41_50_51","Agriculture",0,"Laurentian-Acadian Northern Hardwoods Forest - Hemlock",1561,180,5331,13022,50,31136,17
"17","13022_41_50_51_Agriculture","13022_41_50_51","Agriculture",0,"Laurentian-Acadian Northern Hardwoods Forest - Hemlock",1562,180,505,13022,50,2425,20
"18","13022_41_50_51_Agriculture","13022_41_50_51","Agriculture",0,"Laurentian-Acadian Northern Hardwoods Forest - Hemlock",1614,180,237511,13022,51,4477351,5
"19","13022_41_50_51_Agriculture","13022_41_50_51","Agriculture",0,"Laurentian-Acadian Northern Hardwoods Forest - Hemlock",1615,180,128674,13022,51,2009698,6
"20","13022_41_50_51_Developed","13022_41_50_51","Developed",0,"Laurentian-Acadian Northern Hardwoods Forest - Hemlock",1561,120,1516,13022,50,31136,4
"21","13022_41_50_51_Developed","13022_41_50_51","Developed",0,"Laurentian-Acadian Northern Hardwoods Forest - Hemlock",1562,120,376,13022,50,2425,15
"22","13022_41_50_51_Developed","13022_41_50_51","Developed",0,"Laurentian-Acadian Northern Hardwoods Forest - Hemlock",1614,120,278510,13022,51,4477351,6
"23","13022_41_50_51_Developed","13022_41_50_51","Developed",0,"Laurentian-Acadian Northern Hardwoods Forest - Hemlock",1615,120,136553,13022,51,2009698,6
"24","13022_41_50_51_Water","13022_41_50_51","Water",0,"Laurentian-Acadian Northern Hardwoods Forest - Hemlock",NA,NA,NA,NA,NA,NA,NA
"25","13022_41_50_51_UN","13022_41_50_51","UN",0,"Laurentian-Acadian Northern Hardwoods Forest - Hemlock",1561,6,3792,13022,50,31136,12
"26","13022_41_50_51_UN","13022_41_50_51","UN",0,"Laurentian-Acadian Northern Hardwoods Forest - Hemlock",1562,6,877,13022,50,2425,36
"27","13022_41_50_51_UN","13022_41_50_51","UN",0,"Laurentian-Acadian Northern Hardwoods Forest - Hemlock",1614,6,510896,13022,51,4477351,11
"28","13022_41_50_51_UN","13022_41_50_51","UN",0,"Laurentian-Acadian Northern Hardwoods Forest - Hemlock",1615,6,238344,13022,51,2009698,11
"29","13022_41_50_51_UE","13022_41_50_51","UE",0,"Laurentian-Acadian Northern Hardwoods Forest - Hemlock",1561,7,1427,13022,50,31136,4
"30","13022_41_50_51_UE","13022_41_50_51","UE",0,"Laurentian-Acadian Northern Hardwoods Forest - Hemlock",1562,7,162,13022,50,2425,6
"31","13022_41_50_51_UE","13022_41_50_51","UE",0,"Laurentian-Acadian Northern Hardwoods Forest - Hemlock",1614,7,180024,13022,51,4477351,4
"32","13022_41_50_51_UE","13022_41_50_51","UE",0,"Laurentian-Acadian Northern Hardwoods Forest - Hemlock",1615,7,76905,13022,51,2009698,3
"33","13023_51_A","13023_51","A",4,"Laurentian-Acadian Northern Hardwoods Forest - Northern Sugar Maple-Basswood",1616,1,3,13023,51,50726,0
"34","13023_51_B","13023_51","B",7,"Laurentian-Acadian Northern Hardwoods Forest - Northern Sugar Maple-Basswood",1616,2,1393,13023,51,50726,2
"35","13023_51_C","13023_51","C",16,"Laurentian-Acadian Northern Hardwoods Forest - Northern Sugar Maple-Basswood",1616,3,9688,13023,51,50726,19
"36","13023_51_D","13023_51","D",69,"Laurentian-Acadian Northern Hardwoods Forest - Northern Sugar Maple-Basswood",NA,NA,NA,NA,NA,NA,NA
"37","13023_51_E","13023_51","E",4,"Laurentian-Acadian Northern Hardwoods Forest - Northern Sugar Maple-Basswood",1616,5,25223,13023,51,50726,49
"38","13023_51_Agriculture","13023_51","Agriculture",0,"Laurentian-Acadian Northern Hardwoods Forest - Northern Sugar Maple-Basswood",1616,180,2436,13023,51,50726,4
"39","13023_51_Developed","13023_51","Developed",0,"Laurentian-Acadian Northern Hardwoods Forest - Northern Sugar Maple-Basswood",1616,120,2401,13023,51,50726,4
"40","13023_51_Water","13023_51","Water",0,"Laurentian-Acadian Northern Hardwoods Forest - Northern Sugar Maple-Basswood",NA,NA,NA,NA,NA,NA,NA
"41","13023_51_UN","13023_51","UN",0,"Laurentian-Acadian Northern Hardwoods Forest - Northern Sugar Maple-Basswood",1616,6,7431,13023,51,50726,14
"42","13023_51_UE","13023_51","UE",0,"Laurentian-Acadian Northern Hardwoods Forest - Northern Sugar Maple-Basswood",1616,7,2151,13023,51,50726,4
"43","13441_51_A","13441_51","A",35,"Boreal Jack Pine-Black Spruce Forest - Pine Barrens",1620,1,11727,13441,51,1373476,0
"44","13441_51_B","13441_51","B",15,"Boreal Jack Pine-Black Spruce Forest - Pine Barrens",1620,2,4336,13441,51,1373476,0
"45","13441_51_C","13441_51","C",31,"Boreal Jack Pine-Black Spruce Forest - Pine Barrens",1620,3,244715,13441,51,1373476,17
"46","13441_51_D","13441_51","D",19,"Boreal Jack Pine-Black Spruce Forest - Pine Barrens",1620,4,735870,13441,51,1373476,53
"47","13441_51_E","13441_51","E",NA,"Boreal Jack Pine-Black Spruce Forest - Pine Barrens",NA,NA,NA,NA,NA,NA,NA
"48","13441_51_Agriculture","13441_51","Agriculture",0,"Boreal Jack Pine-Black Spruce Forest - Pine Barrens",1620,180,8325,13441,51,1373476,0
"49","13441_51_Developed","13441_51","Developed",0,"Boreal Jack Pine-Black Spruce Forest - Pine Barrens",1620,120,155815,13441,51,1373476,11
"50","13441_51_Water","13441_51","Water",0,"Boreal Jack Pine-Black Spruce Forest - Pine Barrens",NA,NA,NA,NA,NA,NA,NA
"51","13441_51_UN","13441_51","UN",0,"Boreal Jack Pine-Black Spruce Forest - Pine Barrens",1620,6,27767,13441,51,1373476,2
"52","13441_51_UE","13441_51","UE",0,"Boreal Jack Pine-Black Spruce Forest - Pine Barrens",1620,7,184353,13441,51,1373476,13
"53","13442_51_A","13442_51","A",31,"Boreal Jack Pine-Black Spruce Forest - Spruce-Fir",1621,1,17,13442,51,148035,0
"54","13442_51_B","13442_51","B",34,"Boreal Jack Pine-Black Spruce Forest - Spruce-Fir",1621,2,3702,13442,51,148035,2
"55","13442_51_C","13442_51","C",25,"Boreal Jack Pine-Black Spruce Forest - Spruce-Fir",1621,3,51885,13442,51,148035,35
"56","13442_51_D","13442_51","D",10,"Boreal Jack Pine-Black Spruce Forest - Spruce-Fir",NA,NA,NA,NA,NA,NA,NA
"57","13442_51_E","13442_51","E",NA,"Boreal Jack Pine-Black Spruce Forest - Spruce-Fir",NA,NA,NA,NA,NA,NA,NA
"58","13442_51_Agriculture","13442_51","Agriculture",0,"Boreal Jack Pine-Black Spruce Forest - Spruce-Fir",1621,180,7926,13442,51,148035,5
"59","13442_51_Developed","13442_51","Developed",0,"Boreal Jack Pine-Black Spruce Forest - Spruce-Fir",1621,120,18167,13442,51,148035,12
"60","13442_51_Water","13442_51","Water",0,"Boreal Jack Pine-Black Spruce Forest - Spruce-Fir",NA,NA,NA,NA,NA,NA,NA
"61","13442_51_UN","13442_51","UN",0,"Boreal Jack Pine-Black Spruce Forest - Spruce-Fir",1621,6,51773,13442,51,148035,34
"62","13442_51_UE","13442_51","UE",0,"Boreal Jack Pine-Black Spruce Forest - Spruce-Fir",1621,7,14339,13442,51,148035,9
"63","13620_51_63_64_65_66_A","13620_51_63_64_65_66","A",13,"Laurentian-Acadian Northern Pine(-Oak) Forest",1622,1,6648,13620,51,704449,0
"64","13620_51_63_64_65_66_B","13620_51_63_64_65_66","B",13,"Laurentian-Acadian Northern Pine(-Oak) Forest",1622,2,397636,13620,51,704449,56
"65","13620_51_63_64_65_66_C","13620_51_63_64_65_66","C",48,"Laurentian-Acadian Northern Pine(-Oak) Forest",1622,3,68512,13620,51,704449,9
"66","13620_51_63_64_65_66_D","13620_51_63_64_65_66","D",26,"Laurentian-Acadian Northern Pine(-Oak) Forest",NA,NA,NA,NA,NA,NA,NA
"67","13620_51_63_64_65_66_E","13620_51_63_64_65_66","E",NA,"Laurentian-Acadian Northern Pine(-Oak) Forest",NA,NA,NA,NA,NA,NA,NA
"68","13620_51_63_64_65_66_Agriculture","13620_51_63_64_65_66","Agriculture",0,"Laurentian-Acadian Northern Pine(-Oak) Forest",1622,180,97977,13620,51,704449,13
"69","13620_51_63_64_65_66_Developed","13620_51_63_64_65_66","Developed",0,"Laurentian-Acadian Northern Pine(-Oak) Forest",1622,120,65044,13620,51,704449,9
"70","13620_51_63_64_65_66_Water","13620_51_63_64_65_66","Water",0,"Laurentian-Acadian Northern Pine(-Oak) Forest",NA,NA,NA,NA,NA,NA,NA
"71","13620_51_63_64_65_66_UN","13620_51_63_64_65_66","UN",0,"Laurentian-Acadian Northern Pine(-Oak) Forest",NA,NA,NA,NA,NA,NA,NA
"72","13620_51_63_64_65_66_UE","13620_51_63_64_65_66","UE",0,"Laurentian-Acadian Northern Pine(-Oak) Forest",1622,7,68584,13620,51,704449,9
"73","13622_41_50_A","13622_41_50","A",17,"Laurentian-Acadian Northern Pine(-Oak) Forest - Pine Dominated",2726,1,435,13622,50,10918,3
"74","13622_41_50_B","13622_41_50","B",18,"Laurentian-Acadian Northern Pine(-Oak) Forest - Pine Dominated",2726,2,4065,13622,50,10918,37
"75","13622_41_50_C","13622_41_50","C",16,"Laurentian-Acadian Northern Pine(-Oak) Forest - Pine Dominated",NA,NA,NA,NA,NA,NA,NA
"76","13622_41_50_D","13622_41_50","D",18,"Laurentian-Acadian Northern Pine(-Oak) Forest - Pine Dominated",2726,4,1635,13622,50,10918,14
"77","13622_41_50_E","13622_41_50","E",31,"Laurentian-Acadian Northern Pine(-Oak) Forest - Pine Dominated",2726,5,110,13622,50,10918,1
"78","13622_41_50_Agriculture","13622_41_50","Agriculture",0,"Laurentian-Acadian Northern Pine(-Oak) Forest - Pine Dominated",2726,180,1066,13622,50,10918,9
"79","13622_41_50_Developed","13622_41_50","Developed",0,"Laurentian-Acadian Northern Pine(-Oak) Forest - Pine Dominated",2726,120,2053,13622,50,10918,18
"80","13622_41_50_Water","13622_41_50","Water",0,"Laurentian-Acadian Northern Pine(-Oak) Forest - Pine Dominated",NA,NA,NA,NA,NA,NA,NA
"81","13622_41_50_UN","13622_41_50","UN",0,"Laurentian-Acadian Northern Pine(-Oak) Forest - Pine Dominated",2726,6,752,13622,50,10918,6
"82","13622_41_50_UE","13622_41_50","UE",0,"Laurentian-Acadian Northern Pine(-Oak) Forest - Pine Dominated",2726,7,801,13622,50,10918,7
"83","13651_51_A","13651_51","A",7,"Boreal White Spruce-Fir-Hardwood Forest - Inland",1623,1,11335,13651,51,1428246,0
"84","13651_51_B","13651_51","B",22,"Boreal White Spruce-Fir-Hardwood Forest - Inland",1623,2,67,13651,51,1428246,0
"85","13651_51_C","13651_51","C",7,"Boreal White Spruce-Fir-Hardwood Forest - Inland",1623,3,27585,13651,51,1428246,1
"86","13651_51_D","13651_51","D",64,"Boreal White Spruce-Fir-Hardwood Forest - Inland",1623,4,1124777,13651,51,1428246,78
"87","13651_51_E","13651_51","E",NA,"Boreal White Spruce-Fir-Hardwood Forest - Inland",NA,NA,NA,NA,NA,NA,NA
"88","13651_51_Agriculture","13651_51","Agriculture",0,"Boreal White Spruce-Fir-Hardwood Forest - Inland",1623,180,78935,13651,51,1428246,5
"89","13651_51_Developed","13651_51","Developed",0,"Boreal White Spruce-Fir-Hardwood Forest - Inland",1623,120,102588,13651,51,1428246,7
"90","13651_51_Water","13651_51","Water",0,"Boreal White Spruce-Fir-Hardwood Forest - Inland",NA,NA,NA,NA,NA,NA,NA
"91","13651_51_UN","13651_51","UN",0,"Boreal White Spruce-Fir-Hardwood Forest - Inland",NA,NA,NA,NA,NA,NA,NA
"92","13651_51_UE","13651_51","UE",0,"Boreal White Spruce-Fir-Hardwood Forest - Inland",1623,7,81700,13651,51,1428246,5
"93","13652_51_A","13652_51","A",4,"Boreal White Spruce-Fir-Hardwood Forest - Coastal",1624,1,13924,13652,51,2108933,0
"94","13652_51_B","13652_51","B",13,"Boreal White Spruce-Fir-Hardwood Forest - Coastal",1624,2,113,13652,51,2108933,0
"95","13652_51_C","13652_51","C",4,"Boreal White Spruce-Fir-Hardwood Forest - Coastal",1624,3,30562,13652,51,2108933,1
"96","13652_51_D","13652_51","D",79,"Boreal White Spruce-Fir-Hardwood Forest - Coastal",1624,4,1419150,13652,51,2108933,67
"97","13652_51_E","13652_51","E",NA,"Boreal White Spruce-Fir-Hardwood Forest - Coastal",NA,NA,NA,NA,NA,NA,NA
"98","13652_51_Agriculture","13652_51","Agriculture",0,"Boreal White Spruce-Fir-Hardwood Forest - Coastal",1624,180,373465,13652,51,2108933,17
"99","13652_51_Developed","13652_51","Developed",0,"Boreal White Spruce-Fir-Hardwood Forest - Coastal",1624,120,180993,13652,51,2108933,8
"100","13652_51_Water","13652_51","Water",0,"Boreal White Spruce-Fir-Hardwood Forest - Coastal",NA,NA,NA,NA,NA,NA,NA
"101","13652_51_UN","13652_51","UN",0,"Boreal White Spruce-Fir-Hardwood Forest - Coastal",NA,NA,NA,NA,NA,NA,NA
"102","13652_51_UE","13652_51","UE",0,"Boreal White Spruce-Fir-Hardwood Forest - Coastal",1624,7,87843,13652,51,2108933,4
"103","13660_50_A","13660_50","A",3,"Laurentian-Acadian Pine-Hemlock-Hardwood Forest",1569,1,3,13660,50,117,2
"104","13660_50_B","13660_50","B",16,"Laurentian-Acadian Pine-Hemlock-Hardwood Forest",NA,NA,NA,NA,NA,NA,NA
"105","13660_50_C","13660_50","C",39,"Laurentian-Acadian Pine-Hemlock-Hardwood Forest",1569,3,6,13660,50,117,5
"106","13660_50_D","13660_50","D",42,"Laurentian-Acadian Pine-Hemlock-Hardwood Forest",1569,4,57,13660,50,117,48
"107","13660_50_E","13660_50","E",NA,"Laurentian-Acadian Pine-Hemlock-Hardwood Forest",NA,NA,NA,NA,NA,NA,NA
"108","13660_50_Agriculture","13660_50","Agriculture",0,"Laurentian-Acadian Pine-Hemlock-Hardwood Forest",1569,180,1,13660,50,117,0
"109","13660_50_Developed","13660_50","Developed",0,"Laurentian-Acadian Pine-Hemlock-Hardwood Forest",1569,120,49,13660,50,117,41
"110","13660_50_Water","13660_50","Water",0,"Laurentian-Acadian Pine-Hemlock-Hardwood Forest",NA,NA,NA,NA,NA,NA,NA
"111","13660_50_UN","13660_50","UN",0,"Laurentian-Acadian Pine-Hemlock-Hardwood Forest",NA,NA,NA,NA,NA,NA,NA
"112","13660_50_UE","13660_50","UE",0,"Laurentian-Acadian Pine-Hemlock-Hardwood Forest",1569,7,1,13660,50,117,0
"113","13660_51_63_64_65_66_A","13660_51_63_64_65_66","A",3,"Laurentian-Acadian Pine-Hemlock-Hardwood Forest",1625,1,10408,13660,51,1472389,0
"114","13660_51_63_64_65_66_B","13660_51_63_64_65_66","B",16,"Laurentian-Acadian Pine-Hemlock-Hardwood Forest",1625,2,9631,13660,51,1472389,0
"115","13660_51_63_64_65_66_C","13660_51_63_64_65_66","C",39,"Laurentian-Acadian Pine-Hemlock-Hardwood Forest",1625,3,14368,13660,51,1472389,0
"116","13660_51_63_64_65_66_D","13660_51_63_64_65_66","D",42,"Laurentian-Acadian Pine-Hemlock-Hardwood Forest",1625,4,1226549,13660,51,1472389,83
"117","13660_51_63_64_65_66_E","13660_51_63_64_65_66","E",NA,"Laurentian-Acadian Pine-Hemlock-Hardwood Forest",NA,NA,NA,NA,NA,NA,NA
"118","13660_51_63_64_65_66_Agriculture","13660_51_63_64_65_66","Agriculture",0,"Laurentian-Acadian Pine-Hemlock-Hardwood Forest",1625,180,45213,13660,51,1472389,3
"119","13660_51_63_64_65_66_Developed","13660_51_63_64_65_66","Developed",0,"Laurentian-Acadian Pine-Hemlock-Hardwood Forest",1625,120,114480,13660,51,1472389,7
"120","13660_51_63_64_65_66_Water","13660_51_63_64_65_66","Water",0,"Laurentian-Acadian Pine-Hemlock-Hardwood Forest",NA,NA,NA,NA,NA,NA,NA
"121","13660_51_63_64_65_66_UN","13660_51_63_64_65_66","UN",0,"Laurentian-Acadian Pine-Hemlock-Hardwood Forest",NA,NA,NA,NA,NA,NA,NA
"122","13660_51_63_64_65_66_UE","13660_51_63_64_65_66","UE",0,"Laurentian-Acadian Pine-Hemlock-Hardwood Forest",1625,7,51504,13660,51,1472389,3
"123","14071_41_50_51_A","14071_41_50_51","A",9,"Laurentian Pine-Oak Barrens",1628,1,1320,14071,51,250515,0
"124","14071_41_50_51_B","14071_41_50_51","B",1,"Laurentian Pine-Oak Barrens",1628,2,40,14071,51,250515,0
"125","14071_41_50_51_C","14071_41_50_51","C",26,"Laurentian Pine-Oak Barrens",1628,3,10125,14071,51,250515,4
"126","14071_41_50_51_D","14071_41_50_51","D",62,"Laurentian Pine-Oak Barrens",1628,4,103523,14071,51,250515,41
"127","14071_41_50_51_E","14071_41_50_51","E",2,"Laurentian Pine-Oak Barrens",1628,5,70497,14071,51,250515,28
"128","14071_41_50_51_Agriculture","14071_41_50_51","Agriculture",0,"Laurentian Pine-Oak Barrens",1628,180,2791,14071,51,250515,1
"129","14071_41_50_51_Developed","14071_41_50_51","Developed",0,"Laurentian Pine-Oak Barrens",1628,120,24242,14071,51,250515,9
"130","14071_41_50_51_Water","14071_41_50_51","Water",0,"Laurentian Pine-Oak Barrens",NA,NA,NA,NA,NA,NA,NA
"131","14071_41_50_51_UN","14071_41_50_51","UN",0,"Laurentian Pine-Oak Barrens",1628,6,2247,14071,51,250515,0
"132","14071_41_50_51_UE","14071_41_50_51","UE",0,"Laurentian Pine-Oak Barrens",1628,7,35658,14071,51,250515,14
"133","14072_41_50_51_A","14072_41_50_51","A",14,"Laurentian Pine-Oak Barrens - Jack Pine",1629,1,1023,14072,51,130843,0
"134","14072_41_50_51_B","14072_41_50_51","B",23,"Laurentian Pine-Oak Barrens - Jack Pine",1629,2,725,14072,51,130843,0
"135","14072_41_50_51_C","14072_41_50_51","C",49,"Laurentian Pine-Oak Barrens - Jack Pine",1573,3,18,14072,50,18,100
"136","14072_41_50_51_C","14072_41_50_51","C",49,"Laurentian Pine-Oak Barrens - Jack Pine",1629,3,100417,14072,51,130843,76
"137","14072_41_50_51_D","14072_41_50_51","D",14,"Laurentian Pine-Oak Barrens - Jack Pine",1629,4,1,14072,51,130843,0
"138","14072_41_50_51_E","14072_41_50_51","E",NA,"Laurentian Pine-Oak Barrens - Jack Pine",NA,NA,NA,NA,NA,NA,NA
"139","14072_41_50_51_Agriculture","14072_41_50_51","Agriculture",0,"Laurentian Pine-Oak Barrens - Jack Pine",1629,180,910,14072,51,130843,0
"140","14072_41_50_51_Developed","14072_41_50_51","Developed",0,"Laurentian Pine-Oak Barrens - Jack Pine",1629,120,11406,14072,51,130843,8
"141","14072_41_50_51_Water","14072_41_50_51","Water",0,"Laurentian Pine-Oak Barrens - Jack Pine",NA,NA,NA,NA,NA,NA,NA
"142","14072_41_50_51_UN","14072_41_50_51","UN",0,"Laurentian Pine-Oak Barrens - Jack Pine",NA,NA,NA,NA,NA,NA,NA
"143","14072_41_50_51_UE","14072_41_50_51","UE",0,"Laurentian Pine-Oak Barrens - Jack Pine",1629,7,14960,14072,51,130843,11
"144","14120_39_40_41_42_43_50_51_A","14120_39_40_41_42_43_50_51","A",80,"North-Central Interior Sand and Gravel Tallgrass Prairie",NA,NA,NA,NA,NA,NA,NA
"145","14120_39_40_41_42_43_50_51_B","14120_39_40_41_42_43_50_51","B",16,"North-Central Interior Sand and Gravel Tallgrass Prairie",NA,NA,NA,NA,NA,NA,NA
"146","14120_39_40_41_42_43_50_51_C","14120_39_40_41_42_43_50_51","C",4,"North-Central Interior Sand and Gravel Tallgrass Prairie",NA,NA,NA,NA,NA,NA,NA
"147","14120_39_40_41_42_43_50_51_D","14120_39_40_41_42_43_50_51","D",NA,"North-Central Interior Sand and Gravel Tallgrass Prairie",NA,NA,NA,NA,NA,NA,NA
"148","14120_39_40_41_42_43_50_51_E","14120_39_40_41_42_43_50_51","E",NA,"North-Central Interior Sand and Gravel Tallgrass Prairie",NA,NA,NA,NA,NA,NA,NA
"149","14120_39_40_41_42_43_50_51_Agriculture","14120_39_40_41_42_43_50_51","Agriculture",0,"North-Central Interior Sand and Gravel Tallgrass Prairie",NA,NA,NA,NA,NA,NA,NA
"150","14120_39_40_41_42_43_50_51_Developed","14120_39_40_41_42_43_50_51","Developed",0,"North-Central Interior Sand and Gravel Tallgrass Prairie",1575,120,70,14120,50,147,47
"151","14120_39_40_41_42_43_50_51_Water","14120_39_40_41_42_43_50_51","Water",0,"North-Central Interior Sand and Gravel Tallgrass Prairie",NA,NA,NA,NA,NA,NA,NA
"152","14120_39_40_41_42_43_50_51_UN","14120_39_40_41_42_43_50_51","UN",0,"North-Central Interior Sand and Gravel Tallgrass Prairie",1575,6,71,14120,50,147,48
"153","14120_39_40_41_42_43_50_51_UE","14120_39_40_41_42_43_50_51","UE",0,"North-Central Interior Sand and Gravel Tallgrass Prairie",1575,7,6,14120,50,147,4
"154","14210_31_38_42_43_44_50_51_A","14210_31_38_42_43_44_50_51","A",40,"Central Tallgrass Prairie",1576,1,1,14210,50,1003,0
"155","14210_31_38_42_43_44_50_51_B","14210_31_38_42_43_44_50_51","B",58,"Central Tallgrass Prairie",NA,NA,NA,NA,NA,NA,NA
"156","14210_31_38_42_43_44_50_51_C","14210_31_38_42_43_44_50_51","C",2,"Central Tallgrass Prairie",NA,NA,NA,NA,NA,NA,NA
"157","14210_31_38_42_43_44_50_51_D","14210_31_38_42_43_44_50_51","D",NA,"Central Tallgrass Prairie",NA,NA,NA,NA,NA,NA,NA
"158","14210_31_38_42_43_44_50_51_E","14210_31_38_42_43_44_50_51","E",NA,"Central Tallgrass Prairie",NA,NA,NA,NA,NA,NA,NA
"159","14210_31_38_42_43_44_50_51_Agriculture","14210_31_38_42_43_44_50_51","Agriculture",0,"Central Tallgrass Prairie",1576,180,3,14210,50,1003,0
"160","14210_31_38_42_43_44_50_51_Developed","14210_31_38_42_43_44_50_51","Developed",0,"Central Tallgrass Prairie",1576,120,38,14210,50,1003,3
"161","14210_31_38_42_43_44_50_51_Water","14210_31_38_42_43_44_50_51","Water",0,"Central Tallgrass Prairie",NA,NA,NA,NA,NA,NA,NA
"162","14210_31_38_42_43_44_50_51_UN","14210_31_38_42_43_44_50_51","UN",0,"Central Tallgrass Prairie",1576,6,942,14210,50,1003,93
"163","14210_31_38_42_43_44_50_51_UE","14210_31_38_42_43_44_50_51","UE",0,"Central Tallgrass Prairie",1576,7,19,14210,50,1003,1
"164","14440_41_50_51_A","14440_41_50_51","A",15,"Eastern Boreal Floodplain",1633,1,29,14440,51,191478,0
"165","14440_41_50_51_B","14440_41_50_51","B",35,"Eastern Boreal Floodplain",1633,2,670,14440,51,191478,0
"166","14440_41_50_51_C","14440_41_50_51","C",37,"Eastern Boreal Floodplain",1577,3,1,14440,50,1,100
"167","14440_41_50_51_C","14440_41_50_51","C",37,"Eastern Boreal Floodplain",1633,3,127968,14440,51,191478,66
"168","14440_41_50_51_D","14440_41_50_51","D",13,"Eastern Boreal Floodplain",1633,4,365,14440,51,191478,0
"169","14440_41_50_51_E","14440_41_50_51","E",NA,"Eastern Boreal Floodplain",NA,NA,NA,NA,NA,NA,NA
"170","14440_41_50_51_Agriculture","14440_41_50_51","Agriculture",0,"Eastern Boreal Floodplain",1633,180,11288,14440,51,191478,5
"171","14440_41_50_51_Developed","14440_41_50_51","Developed",0,"Eastern Boreal Floodplain",1633,120,2011,14440,51,191478,1
"172","14440_41_50_51_Water","14440_41_50_51","Water",0,"Eastern Boreal Floodplain",NA,NA,NA,NA,NA,NA,NA
"173","14440_41_50_51_UN","14440_41_50_51","UN",0,"Eastern Boreal Floodplain",1633,6,46547,14440,51,191478,24
"174","14440_41_50_51_UE","14440_41_50_51","UE",0,"Eastern Boreal Floodplain",1633,7,2590,14440,51,191478,1
"175","14660_50_51_A","14660_50_51","A",23,"Great Lakes Wooded Dune and Swale",1578,1,8,14660,50,340,2
"176","14660_50_51_A","14660_50_51","A",23,"Great Lakes Wooded Dune and Swale",1634,1,329,14660,51,15636,2
"177","14660_50_51_B","14660_50_51","B",23,"Great Lakes Wooded Dune and Swale",1634,2,22,14660,51,15636,0
"178","14660_50_51_C","14660_50_51","C",27,"Great Lakes Wooded Dune and Swale",1578,3,306,14660,50,340,90
"179","14660_50_51_C","14660_50_51","C",27,"Great Lakes Wooded Dune and Swale",1634,3,13977,14660,51,15636,89
"180","14660_50_51_D","14660_50_51","D",27,"Great Lakes Wooded Dune and Swale",1578,4,13,14660,50,340,3
"181","14660_50_51_D","14660_50_51","D",27,"Great Lakes Wooded Dune and Swale",1634,4,920,14660,51,15636,5
"182","14660_50_51_E","14660_50_51","E",NA,"Great Lakes Wooded Dune and Swale",NA,NA,NA,NA,NA,NA,NA
"183","14660_50_51_Agriculture","14660_50_51","Agriculture",0,"Great Lakes Wooded Dune and Swale",1578,180,2,14660,50,340,0
"184","14660_50_51_Agriculture","14660_50_51","Agriculture",0,"Great Lakes Wooded Dune and Swale",1634,180,3,14660,51,15636,0
"185","14660_50_51_Developed","14660_50_51","Developed",0,"Great Lakes Wooded Dune and Swale",1578,120,6,14660,50,340,1
"186","14660_50_51_Developed","14660_50_51","Developed",0,"Great Lakes Wooded Dune and Swale",1634,120,315,14660,51,15636,2
"187","14660_50_51_Water","14660_50_51","Water",0,"Great Lakes Wooded Dune and Swale",NA,NA,NA,NA,NA,NA,NA
"188","14660_50_51_UN","14660_50_51","UN",0,"Great Lakes Wooded Dune and Swale",NA,NA,NA,NA,NA,NA,NA
"189","14660_50_51_UE","14660_50_51","UE",0,"Great Lakes Wooded Dune and Swale",1578,7,5,14660,50,340,1
"190","14660_50_51_UE","14660_50_51","UE",0,"Great Lakes Wooded Dune and Swale",1634,7,70,14660,51,15636,0
"191","14750_41_50_51_63_64_65_66_A","14750_41_50_51_63_64_65_66","A",16,"Laurentian-Acadian Floodplain Systems",1636,1,1,14750,51,111906,0
"192","14750_41_50_51_63_64_65_66_B","14750_41_50_51_63_64_65_66","B",23,"Laurentian-Acadian Floodplain Systems",1636,2,1605,14750,51,111906,1
"193","14750_41_50_51_63_64_65_66_C","14750_41_50_51_63_64_65_66","C",44,"Laurentian-Acadian Floodplain Systems",1636,3,69419,14750,51,111906,62
"194","14750_41_50_51_63_64_65_66_D","14750_41_50_51_63_64_65_66","D",17,"Laurentian-Acadian Floodplain Systems",NA,NA,NA,NA,NA,NA,NA
"195","14750_41_50_51_63_64_65_66_E","14750_41_50_51_63_64_65_66","E",NA,"Laurentian-Acadian Floodplain Systems",NA,NA,NA,NA,NA,NA,NA
"196","14750_41_50_51_63_64_65_66_Agriculture","14750_41_50_51_63_64_65_66","Agriculture",0,"Laurentian-Acadian Floodplain Systems",1636,180,2639,14750,51,111906,2
"197","14750_41_50_51_63_64_65_66_Developed","14750_41_50_51_63_64_65_66","Developed",0,"Laurentian-Acadian Floodplain Systems",1636,120,1215,14750,51,111906,1
"198","14750_41_50_51_63_64_65_66_Water","14750_41_50_51_63_64_65_66","Water",0,"Laurentian-Acadian Floodplain Systems",NA,NA,NA,NA,NA,NA,NA
"199","14750_41_50_51_63_64_65_66_UN","14750_41_50_51_63_64_65_66","UN",0,"Laurentian-Acadian Floodplain Systems",1636,6,35973,14750,51,111906,32
"200","14750_41_50_51_63_64_65_66_UE","14750_41_50_51_63_64_65_66","UE",0,"Laurentian-Acadian Floodplain Systems",1636,7,1054,14750,51,111906,0
"201","14770_40_41_50_51_A","14770_40_41_50_51","A",14,"Boreal Acidic Peatland Systems",1581,1,4,14770,50,5293,0
"202","14770_40_41_50_51_A","14770_40_41_50_51","A",14,"Boreal Acidic Peatland Systems",1637,1,139136,14770,51,4105310,3
"203","14770_40_41_50_51_B","14770_40_41_50_51","B",16,"Boreal Acidic Peatland Systems",1581,2,5,14770,50,5293,0
"204","14770_40_41_50_51_B","14770_40_41_50_51","B",16,"Boreal Acidic Peatland Systems",1637,2,157999,14770,51,4105310,3
"205","14770_40_41_50_51_C","14770_40_41_50_51","C",38,"Boreal Acidic Peatland Systems",1581,3,1112,14770,50,5293,21
"206","14770_40_41_50_51_C","14770_40_41_50_51","C",38,"Boreal Acidic Peatland Systems",1637,3,1020491,14770,51,4105310,24
"207","14770_40_41_50_51_D","14770_40_41_50_51","D",23,"Boreal Acidic Peatland Systems",1581,4,3975,14770,50,5293,75
"208","14770_40_41_50_51_D","14770_40_41_50_51","D",23,"Boreal Acidic Peatland Systems",1637,4,2623726,14770,51,4105310,63
"209","14770_40_41_50_51_E","14770_40_41_50_51","E",9,"Boreal Acidic Peatland Systems",1637,5,1848,14770,51,4105310,0
"210","14770_40_41_50_51_Agriculture","14770_40_41_50_51","Agriculture",0,"Boreal Acidic Peatland Systems",1581,180,51,14770,50,5293,0
"211","14770_40_41_50_51_Agriculture","14770_40_41_50_51","Agriculture",0,"Boreal Acidic Peatland Systems",1637,180,13486,14770,51,4105310,0
"212","14770_40_41_50_51_Developed","14770_40_41_50_51","Developed",0,"Boreal Acidic Peatland Systems",1581,120,122,14770,50,5293,2
"213","14770_40_41_50_51_Developed","14770_40_41_50_51","Developed",0,"Boreal Acidic Peatland Systems",1637,120,40782,14770,51,4105310,0
"214","14770_40_41_50_51_Water","14770_40_41_50_51","Water",0,"Boreal Acidic Peatland Systems",NA,NA,NA,NA,NA,NA,NA
"215","14770_40_41_50_51_UN","14770_40_41_50_51","UN",0,"Boreal Acidic Peatland Systems",1581,6,5,14770,50,5293,0
"216","14770_40_41_50_51_UN","14770_40_41_50_51","UN",0,"Boreal Acidic Peatland Systems",1637,6,71623,14770,51,4105310,1
"217","14770_40_41_50_51_UE","14770_40_41_50_51","UE",0,"Boreal Acidic Peatland Systems",1581,7,19,14770,50,5293,0
"218","14770_40_41_50_51_UE","14770_40_41_50_51","UE",0,"Boreal Acidic Peatland Systems",1637,7,35601,14770,51,4105310,0
"219","14810_41_50_51_63_A","14810_41_50_51_63","A",14,"Laurentian-Acadian Alkaline Conifer-Hardwood Swamp",1583,1,44,14810,50,9894,0
"220","14810_41_50_51_63_A","14810_41_50_51_63","A",14,"Laurentian-Acadian Alkaline Conifer-Hardwood Swamp",1639,1,300402,14810,51,5895086,5
"221","14810_41_50_51_63_B","14810_41_50_51_63","B",11,"Laurentian-Acadian Alkaline Conifer-Hardwood Swamp",1583,2,532,14810,50,9894,5
"222","14810_41_50_51_63_B","14810_41_50_51_63","B",11,"Laurentian-Acadian Alkaline Conifer-Hardwood Swamp",1639,2,225626,14810,51,5895086,3
"223","14810_41_50_51_63_C","14810_41_50_51_63","C",21,"Laurentian-Acadian Alkaline Conifer-Hardwood Swamp",1583,3,1808,14810,50,9894,18
"224","14810_41_50_51_63_C","14810_41_50_51_63","C",21,"Laurentian-Acadian Alkaline Conifer-Hardwood Swamp",1639,3,1230757,14810,51,5895086,20
"225","14810_41_50_51_63_D","14810_41_50_51_63","D",54,"Laurentian-Acadian Alkaline Conifer-Hardwood Swamp",1583,4,6995,14810,50,9894,70
"226","14810_41_50_51_63_D","14810_41_50_51_63","D",54,"Laurentian-Acadian Alkaline Conifer-Hardwood Swamp",1639,4,4008095,14810,51,5895086,67
"227","14810_41_50_51_63_E","14810_41_50_51_63","E",NA,"Laurentian-Acadian Alkaline Conifer-Hardwood Swamp",NA,NA,NA,NA,NA,NA,NA
"228","14810_41_50_51_63_Agriculture","14810_41_50_51_63","Agriculture",0,"Laurentian-Acadian Alkaline Conifer-Hardwood Swamp",1583,180,109,14810,50,9894,1
"229","14810_41_50_51_63_Agriculture","14810_41_50_51_63","Agriculture",0,"Laurentian-Acadian Alkaline Conifer-Hardwood Swamp",1639,180,28267,14810,51,5895086,0
"230","14810_41_50_51_63_Developed","14810_41_50_51_63","Developed",0,"Laurentian-Acadian Alkaline Conifer-Hardwood Swamp",1583,120,203,14810,50,9894,2
"231","14810_41_50_51_63_Developed","14810_41_50_51_63","Developed",0,"Laurentian-Acadian Alkaline Conifer-Hardwood Swamp",1639,120,54877,14810,51,5895086,0
"232","14810_41_50_51_63_Water","14810_41_50_51_63","Water",0,"Laurentian-Acadian Alkaline Conifer-Hardwood Swamp",NA,NA,NA,NA,NA,NA,NA
"233","14810_41_50_51_63_UN","14810_41_50_51_63","UN",0,"Laurentian-Acadian Alkaline Conifer-Hardwood Swamp",NA,NA,NA,NA,NA,NA,NA
"234","14810_41_50_51_63_UE","14810_41_50_51_63","UE",0,"Laurentian-Acadian Alkaline Conifer-Hardwood Swamp",1583,7,203,14810,50,9894,2
"235","14810_41_50_51_63_UE","14810_41_50_51_63","UE",0,"Laurentian-Acadian Alkaline Conifer-Hardwood Swamp",1639,7,45401,14810,51,5895086,0
"236","14920_41_50_51_52_63_A","14920_41_50_51_52_63","A",22,"Great Lakes Coastal Marsh Systems",1584,1,27,14920,50,39095,0
"237","14920_41_50_51_52_63_A","14920_41_50_51_52_63","A",22,"Great Lakes Coastal Marsh Systems",1640,1,66,14920,51,112064,0
"238","14920_41_50_51_52_63_B","14920_41_50_51_52_63","B",22,"Great Lakes Coastal Marsh Systems",1584,2,639,14920,50,39095,1
"239","14920_41_50_51_52_63_B","14920_41_50_51_52_63","B",22,"Great Lakes Coastal Marsh Systems",1640,2,11600,14920,51,112064,10
"240","14920_41_50_51_52_63_C","14920_41_50_51_52_63","C",56,"Great Lakes Coastal Marsh Systems",1584,3,87,14920,50,39095,0
"241","14920_41_50_51_52_63_C","14920_41_50_51_52_63","C",56,"Great Lakes Coastal Marsh Systems",1640,3,1617,14920,51,112064,1
"242","14920_41_50_51_52_63_D","14920_41_50_51_52_63","D",NA,"Great Lakes Coastal Marsh Systems",NA,NA,NA,NA,NA,NA,NA
"243","14920_41_50_51_52_63_E","14920_41_50_51_52_63","E",NA,"Great Lakes Coastal Marsh Systems",NA,NA,NA,NA,NA,NA,NA
"244","14920_41_50_51_52_63_Agriculture","14920_41_50_51_52_63","Agriculture",0,"Great Lakes Coastal Marsh Systems",1584,180,58,14920,50,39095,0
"245","14920_41_50_51_52_63_Agriculture","14920_41_50_51_52_63","Agriculture",0,"Great Lakes Coastal Marsh Systems",1640,180,1232,14920,51,112064,1
"246","14920_41_50_51_52_63_Developed","14920_41_50_51_52_63","Developed",0,"Great Lakes Coastal Marsh Systems",1584,120,1007,14920,50,39095,2
"247","14920_41_50_51_52_63_Developed","14920_41_50_51_52_63","Developed",0,"Great Lakes Coastal Marsh Systems",1640,120,2936,14920,51,112064,2
"248","14920_41_50_51_52_63_Water","14920_41_50_51_52_63","Water",0,"Great Lakes Coastal Marsh Systems",NA,NA,NA,NA,NA,NA,NA
"249","14920_41_50_51_52_63_UN","14920_41_50_51_52_63","UN",0,"Great Lakes Coastal Marsh Systems",1584,6,36095,14920,50,39095,92
"250","14920_41_50_51_52_63_UN","14920_41_50_51_52_63","UN",0,"Great Lakes Coastal Marsh Systems",1640,6,44737,14920,51,112064,39
"251","14920_41_50_51_52_63_UE","14920_41_50_51_52_63","UE",0,"Great Lakes Coastal Marsh Systems",1584,7,1182,14920,50,39095,3
"252","14920_41_50_51_52_63_UE","14920_41_50_51_52_63","UE",0,"Great Lakes Coastal Marsh Systems",1640,7,25319,14920,51,112064,22
"253","14940_41_50_51_A","14940_41_50_51","A",8,"Laurentian-Acadian Shrub-Herbaceous Wetland Systems",1641,1,2,14940,51,2089,0
"254","14940_41_50_51_B","14940_41_50_51","B",56,"Laurentian-Acadian Shrub-Herbaceous Wetland Systems",1641,2,24,14940,51,2089,1
"255","14940_41_50_51_C","14940_41_50_51","C",31,"Laurentian-Acadian Shrub-Herbaceous Wetland Systems",1641,3,2,14940,51,2089,0
"256","14940_41_50_51_D","14940_41_50_51","D",5,"Laurentian-Acadian Shrub-Herbaceous Wetland Systems",1641,4,562,14940,51,2089,26
"257","14940_41_50_51_E","14940_41_50_51","E",NA,"Laurentian-Acadian Shrub-Herbaceous Wetland Systems",NA,NA,NA,NA,NA,NA,NA
"258","14940_41_50_51_Agriculture","14940_41_50_51","Agriculture",0,"Laurentian-Acadian Shrub-Herbaceous Wetland Systems",1641,180,55,14940,51,2089,2
"259","14940_41_50_51_Developed","14940_41_50_51","Developed",0,"Laurentian-Acadian Shrub-Herbaceous Wetland Systems",1641,120,37,14940,51,2089,1
"260","14940_41_50_51_Water","14940_41_50_51","Water",0,"Laurentian-Acadian Shrub-Herbaceous Wetland Systems",NA,NA,NA,NA,NA,NA,NA
"261","14940_41_50_51_UN","14940_41_50_51","UN",0,"Laurentian-Acadian Shrub-Herbaceous Wetland Systems",1641,6,1269,14940,51,2089,60
"262","14940_41_50_51_UE","14940_41_50_51","UE",0,"Laurentian-Acadian Shrub-Herbaceous Wetland Systems",1641,7,138,14940,51,2089,6
